<?xml version="1.0" encoding="UTF-8"?>
<!DOCTYPE mapper
        PUBLIC "-//mybatis.org//DTD Mapper 3.0//EN"
        "http://mybatis.org/dtd/mybatis-3-mapper.dtd">
<mapper namespace="com.baoshi.programmer.dao.admin.ExamDao">
    <!--考试添加操作-->
    <insert id="add" parameterType="Exam">
        insert into exam(id,name,subjectId,startTime,endTime,questionNum,totalScore,passScore,singleQuestionNum,
        muiltQuestionNum,chargeQuestionNum,pagerNum,examedNum,passNum,createTime)
         values(null,#{name},#{subjectId},#{startTime},#{endTime},#{questionNum},#{totalScore},#{passScore},#{singleQuestionNum},#{muiltQuestionNum},#{chargeQuestionNum},#{pagerNum},#{examedNum},#{passNum},#{createTime})
    </insert>
    <!--更新操作-->
    <update id="edit" parameterType="Exam">
        update exam set name=#{name},subjectId=#{subjectId},startTime=#{startTime},endTime=#{endTime},questionNum=#{questionNum},
         totalScore=#{totalScore},passScore=#{passScore},singleQuestionNum=#{singleQuestionNum},muiltQuestionNum=#{muiltQuestionNum},
         chargeQuestionNum=#{chargeQuestionNum},pagerNum=#{pagerNum},examedNum=#{examedNum},passNum=#{passNum} where id=#{id}
    </update>
    <!--学科信息搜索查询-->
    <select id="findList" parameterType="Map" resultType="Exam">
        select * from exam
        <if test="name !=null">
            where name like '%${name}%'
        </if>
        <if test="subjectId !=null">
            and subjectId=#{subjectId}
        </if>
        <if test="offset != null and pageSize != null">
            limit #{offset},#{pageSize}
        </if>
    </select>
    <!--删除学科信息-->
    <delete id="delete" parameterType="Long">
        delete from exam where id=${value}
    </delete>
    <!--搜索总条数-->
    <select id="getTotal" parameterType="Map" resultType="Integer" >
        select count(*) from exam
        <if test="name !=null">
            where name like '%${name}%'
        </if>
        <if test="subjectId !=null">
            and subjectId=#{subjectId}
        </if>
    </select>
    <!--考生信息-->
    <select id="findByName" parameterType="String" resultType="Exam">
        select * from exam where name=#{name}
    </select>
</mapper>