<?xml version="1.0" encoding="UTF-8"?>
<!DOCTYPE mapper
        PUBLIC "-//mybatis.org//DTD Mapper 3.0//EN"
        "http://mybatis.org/dtd/mybatis-3-mapper.dtd">
<mapper namespace="com.baoshi.programmer.dao.admin.QuestionDao">
    <!--试题添加操作-->
    <insert id="add" parameterType="Question">
        insert into question(id,questionType,title,attrA,attrB,attrC,attrD,score,answer,createTime)
        values(null,#{questionType},#{title},#{attrA},#{attrB},#{attrC},#{attrD},#{score},#{answer},#{createTime})
    </insert>
    <!--试题更新操作-->
    <update id="edit" parameterType="Question">
        update question set questionType=#{questionType},title=#{title},attrA=#{attrA},attrB=#{attrB},attrC=#{attrC},
        attrD=#{attrD},answer=#{answer},score=#{score}  where id=#{id}
    </update>
    <!--试题信息搜索查询-->
    <select id="findList" parameterType="Map" resultType="Question">
        select * from question where 1=1
        <if test="title !=null">
            and title like '%${title}%'
        </if>
        <if test="questionType !=null">
            and questionType=#{questionType}
        </if>
        <if test="offset != null and pageSize != null">
            limit #{offset},#{pageSize}
        </if>
    </select>
    <!--删除试题信息-->
    <delete id="delete" parameterType="Long">
        delete from question where id=${value}
    </delete>
    <!--搜索总条数-->
    <select id="getTotal" parameterType="Map" resultType="Integer" >
        select count(*) from question where 1=1
        <if test="title !=null">
            and title like '%${title}%'
        </if>
        <if test="questionType !=null">
            and questionType=#{questionType}
        </if>
    </select>
    <!--考生信息-->
    <select id="findByTitle" parameterType="String" resultType="Question">
        select * from question where title=#{value}
    </select>
</mapper>