<?xml version="1.0" encoding="UTF-8"?>
<!DOCTYPE mapper
        PUBLIC "-//mybatis.org//DTD Mapper 3.0//EN"
        "http://mybatis.org/dtd/mybatis-3-mapper.dtd">
<mapper namespace="com.baoshi.programmer.dao.admin.StudentDao">
    <!--学科添加操作-->
    <insert id="add" parameterType="Student">
        insert into student(id,subjectId,name,password,trueName,tel,createTime) values(null,#{subjectId},#{name},#{password},#{trueName},#{tel},#{createTime})
    </insert>
    <!--更新操作-->
    <update id="edit" parameterType="Student">
        update student set name=#{name},subjectId=#{subjectId},password=#{password},trueName=#{trueName},tel=#{tel} where id=#{id}
    </update>
    <!--学科信息搜索查询-->
    <select id="findList" parameterType="Map" resultType="Student">
        select * from student
        <if test="name !=null">
            where name like '%${name}%'
        </if>
        <if test="subjectId !=null">
            and subjectId=#{subjectId}
        </if>
        <if test="offset != null and pageSize != null">
            limit #{offset},#{pageSize}
        </if>
    </select>
    <!--删除学科信息-->
    <delete id="delete" parameterType="Long">
        delete from student where id=${value}
    </delete>
    <!--搜索总条数-->
    <select id="getTotal" parameterType="Map" resultType="Integer" >
        select count(*) from student
        <if test="name !=null">
            where name like '%${name}%'
        </if>
        <if test="subjectId !=null">
            and subjectId=#{subjectId}
        </if>
    </select>
    <!--考生信息-->
    <select id="findByName" parameterType="String" resultType="Student">
        select * from student where name=#{name}
    </select>
</mapper>