<?xml version="1.0" encoding="UTF-8"?>
<!DOCTYPE mapper
        PUBLIC "-//mybatis.org//DTD Mapper 3.0//EN"
        "http://mybatis.org/dtd/mybatis-3-mapper.dtd">
<mapper namespace="com.baoshi.programmer.dao.admin.SubjectDao">
    <!--学科添加操作-->
    <insert id="add" parameterType="Subject">
        insert into subject(id,name,remark) values(null,#{name},#{remark})
    </insert>
    <!--更新操作-->
    <update id="edit" parameterType="Subject">
        update subject set name=#{name},remark=#{remark} where id=#{id}
    </update>
    <!--学科信息搜索查询-->
    <select id="findList" parameterType="Map" resultType="Subject">
        select * from subject
        <if test="name !=null">
            where name like '%${name}%'
        </if>
        <if test="offset != null and pageSize != null">
            limit #{offset},#{pageSize}
        </if>
    </select>
    <!--删除学科信息-->
    <delete id="delete" parameterType="Long">
        delete from subject where id=${value}
    </delete>
    <!--搜索总条数-->
    <select id="getTotal" parameterType="Map" resultType="Integer" >
        select count(*) from subject
        <if test="name !=null">
            where name like '%${name}%'
        </if>
    </select>
</mapper>